192gms,,557gms,,1138gms,,2269gms,
X,Y,X,Y,X,Y,X,Y
0.02488961393725675,0.0077937458460333175,0.08550541875934226,0.023658312687117267,0.2997546371711106,0.044320109806359476,0.18040026979146173,0.054424170860136734
0.08195712823524515,0.00827463673917972,0.13677923625307464,0.038387648066617874,0.3049790848425946,0.03144572068112428,0.23743843892070737,0.06529325148814236
0.1390126216207359,0.013010930656244923,0.1873944963053078,0.02724143373195309,0.36201657632236106,0.04255468922469374,0.29649788913068864,0.06700578591255812
0.19606033676872903,0.02050072064760977,0.2505397839617505,0.018867323408986003,0.41904366735577625,0.057345415776701714,0.35503301542205357,0.0659617991600876
0.25308931343547725,0.034623932999787055,0.33605765148937916,0.049113647199948485,0.476109060316265,0.05857726014465747,0.421550169033889,0.08833386501487883
0.3100963696147305,0.0565069979249917,0.39306576833738216,0.07062123538774845,0.5317337704844118,0.06892533484346774,0.48643855971363825,0.07509464663468801
0.3670899906564875,0.08314610152398716,0.45140861895483786,0.07877809083447262,0.573332653782948,0.07730179631549694,0.5434954673241292,0.07933030490188031
0.42407830835449634,0.11166258881000424,0.5019064492270662,0.10920201862152767,0.6029961965289501,0.0661054664284304,0.6005827807721125,0.0728022966968096
0.48106450471500484,0.14093002957083112,0.5536976864715348,0.14090489988045318,0.6576230712388571,0.08292042385000542,0.657666205101346,0.06765103652888849
0.5406700983150263,0.16122089083428381,0.6107386840507796,0.150772709208713,0.7146951817680942,0.08177424888106666,0.714747861649331,0.06312557092330895
0.5898686121748371,0.19245780697215142,0.6678054912362681,0.1515039179267963,0.7735570726024319,0.05923920809993799,0.7718178508410687,0.06273034942917821
0.6481857121120904,0.2097304032103069,0.7248217398780192,0.1701328511278284,0.8307786588573252,0.06083256826619898,0.8289125889702995,0.05357400406227608
0.7002814549650291,0.23959484252754626,0.7818754654822611,0.17549493960723384,0.8859811639370374,0.05367941821801825,0.8860253584682765,0.038034554159496636
0.7608643246626041,0.2671184434454732,0.838944394005249,0.17547519485050822,0.9430582242537735,0.050781018474524764,0.9431063079037614,0.03375940637885311
0.8178660774981088,0.2908788920576999,0.8960133225282365,0.1754554500937826,0.9923326958857741,0.055128883256952754,1.000150841045505,0.0423756265824311
0.8682697635977918,0.3128894004126801,0.9530822510512245,0.17543570533705655,1.0623774481421813,0.05311775332008395,1.057234618930989,0.03709920750204221
0.9214916465655079,0.33902917380026354,1.0101511795742124,0.17541596058033093,1.1194209206151755,0.06210945026106707,1.1142901123164806,0.04183550141910741
0.9785156734447567,0.354904610926996,1.0672201080972,0.17539621582360532,1.174317201787935,0.06596516474361991,1.1713219174332274,0.05495744247153933
1.035511415824013,0.3807927610511821,1.124299643307685,0.1716217036928347,1.23352483626116,0.07408521634456022,1.2283851890562167,0.05694024031430445
1.0925018548595213,0.40855829486239026,1.1814230194931592,0.1523274864160098,1.2894586598168027,0.08233975433233054,1.2854541175792047,0.05692049555757883
1.1494841621012806,0.4392024836603676,1.2384968978036452,0.1505555168847299,1.3320203041423633,0.10171123142022731,1.3425230461021922,0.05690075080085322
1.206484854268036,0.463338409009999,1.2955460271766386,0.15754467122622184,1.3903874028259589,0.10128427145350871,1.456660903148168,0.05686126128740154
1.2627608318845294,0.48165470135527233,1.3525651042683888,0.17517233312750813,1.4484031928672323,0.09403627896998046,1.5137358421274043,0.05471381501871697
1.3153147713341111,0.5057295858011424,1.4096336792351267,0.17527774728325074,1.503206229892582,0.10903637298567226,1.570821034237888,0.04893676028845517
1.3723320806446124,0.5239830422647698,1.4667026077581147,0.17525800252652513,1.5602748048593198,0.10914178714141487,1.6278754669546296,0.05404853094292461
1.4293465615051137,0.543237770028143,1.5237715362811026,0.17523825776979907,1.6173437333823077,0.10912204238468881,1.6849447490338672,0.05390362727373077
1.4863575068031163,0.5637440869161972,1.5808404648040901,0.17521851301307345,1.6744126619052953,0.1091022976279632,1.742013324000605,0.05400904142947294
1.543391433257363,0.5761150744938206,1.637909393327078,0.17519876825634784,1.7314815904282832,0.10908255287123758,1.7990525537986004,0.06450264532007344
1.6003836400741203,0.6032548137426885,1.694978321850066,0.17517902349962222,1.7885505189512712,0.10906280811451152,1.8561228965465877,0.0639822649134758
1.6574013029408712,0.6213831112938477,1.7468287011983388,0.18594560001178717,1.8456190939180086,0.10916822227025413,1.9132109171070706,0.05720393888346864
1.714408712676375,0.6431410173065841,1.7986173260549614,0.2185732665683946,1.9026625663910033,0.11815991921123681,1.9702646427113124,0.06256602736287409
1.7714037479431313,0.6692794852557067,1.855665041202954,0.22606305655975945,1.959764022088983,0.10662555450743971,2.027305993846807,0.07230867777866612
1.8284093898973852,0.6916631858307838,1.912733969725942,0.22604331180303383,2.0155509261867754,0.10129743462465912,2.0843724474760466,0.0731650454092172
1.8854397807891328,0.7052857625330886,1.9698018375801802,0.22639904378371245,2.0738955151224596,0.10883892541841478,2.1414251124115378,0.07890261062602688
1.9424659290058814,0.7204102461850121,2.026869351878168,0.2268799346768593,2.1309666356941976,0.10804319540438678,2.198486969809527,0.0813860441186649
1.9994910165538804,0.7359102065743399,2.083882418513671,0.24663529809010498,2.188060595999678,0.09916219964491413,2.255559787451264,0.07998955132478969
2.056499133401883,0.7574177947621399,2.1409280123241645,0.2548760415562783,2.24510767278222,0.10687797100601282,2.3126538184679957,0.07108352378282312
2.1134952293373903,0.7831807859738578,2.1979930517284023,0.25623304483670273,2.304331281123236,0.10934327340891148,2.3697531528284754,0.060300112553834495
2.1705234988916384,0.7975543161509719,2.255011068151404,0.27423618347539414,2.355599289869094,0.1261289055362078,2.4268118282202167,0.06390997625868611
2.227515705708395,0.8246940553998394,2.312072571993143,0.2768447758804995,2.416248628141652,0.130122630910118,2.483889242093202,0.06088641760272395
2.284528065231398,0.8446997366380216,2.3691415005161307,0.2768250311237739,2.4732998788521448,0.13636083177680103,2.5409528672724404,0.06274405653302084
2.34158037661064,0.8505624607672999,2.426210429039119,0.27680528636704826,2.5303553722376355,0.1410971256938658,2.5980055322079334,0.06848162174983097
2.3985962716961406,0.8693165528807998,2.486864227559753,0.2792200839221297,2.587403794498128,0.14833659786029374,2.65507552139967,0.06808640025570112
2.4555803467191506,0.899334947116436,2.539572406894667,0.28905844646784695,2.64445787365862,0.1535735274272314,2.7121387930226595,0.07006919809846579
2.5125817459984052,0.9232205546411314,2.5974168610518324,0.2768712110093392,2.7015444799941033,0.14729583704709714,2.769221863795644,0.06504309684301335
2.5695859737276594,0.9461048908660814,2.65448578957482,0.2768514662526136,2.758613408517091,0.14727609229037109,2.826285135418633,0.06702589468577802
2.626620960850656,0.9581004017063002,2.708917471318478,0.29212703808844065,2.8156685483463324,0.15213754511990407,2.883337093241625,0.0730137777275246
2.681045712891816,0.9758290882265035,2.7633061606221485,0.32262193368039727,2.8727601044693145,0.14410762996521553,2.940384454833369,0.08062872663135723
2.735452645697981,0.9998657839351024,2.8203807460451342,0.32059964632418136,2.9297915560298113,0.15735472993011612,2.997422270406364,0.09162296617183108
2.7925024821834734,1.0066046204516579,2.8774482603431224,0.3210805372173282,2.990464120228326,0.1531264775157326,3.054501452060599,0.08797361295352868
2.8495077705814778,1.0291134799392032,2.9344949148223662,0.32894580394609685,3.042029291302443,0.14124081571324076,3.1115703805835873,0.08795386819680262
2.9065183623232302,1.049744955739726,2.9915638433453537,0.32892605918937123,3.1009958667050253,0.15817160804721642,3.168636127100326,0.0890605536522906
2.963550167439978,1.0628668967921588,3.0514131926109034,0.33356511049336923,3.1580647952280136,0.15815186329049036,3.22567853890457,0.0984277273306775
3.020547677600484,1.0881292523540038,3.1056271000225983,0.3552951002067042,3.2151149852697563,0.16476554089457807,3.2827672665775536,0.09139908347573389
3.0775388237484904,1.1156444683402762,3.162692846539337,0.35640178566219216,3.27215987196775,0.17325660218568784,3.3398383164380405,0.09062838524419936
3.1345426979214954,1.1386539634776942,3.2197617750623246,0.35638204090546655,3.329203344440745,0.18224829912667007,3.3969008809485297,0.09286150091190093
3.1915663712444946,1.1546545595168947,3.276826107354064,0.3579893620108274,3.386270505182483,0.18285434893228558,3.453970163027768,0.09271659724270664
3.2486020654799903,1.166399752532177,3.333844123777064,0.37599250064951795,3.4433394337054706,0.18283460417555997,3.5110472233445034,0.08981819749921316
3.3056176070092427,1.1852790035581455,3.390906334731304,0.37835077522968774,3.500428514934703,0.17568080140814812,3.568121808767489,0.08779591014299681
3.3626600188134868,1.1946461772365329,3.4479752632542917,0.3783310304729621,3.557504161026439,0.1732830373145271,3.6251907372904775,0.0877761653862712
3.4196624787614915,1.2181563080238234,3.5050063612585394,0.3917032893503305,3.6145444514931837,0.18340116446772337,3.6822391595509707,0.09501563755269915
3.4767091332407354,1.2260215747525927,3.560096761810395,0.3857054899971959,3.6667285997265804,0.19845222808485818,3.7392988956114603,0.09825002452014564
3.5337374027949835,1.2403951049297068,3.619181695267005,0.3783969551152526,3.7286380550818796,0.19902739883153853,3.796374188146947,0.09597741933899329
3.5907586012242323,1.2572718133561847,3.673985843469139,0.3930036925489011,3.764043236873918,0.18772999840508398,3.853430742201188,0.10033823651865292
3.6425772587200838,1.2792679256259114,3.7332240921255053,0.41215037196820825,3.8168274172042453,0.20185467937553092,3.910486589142929,0.1049493715232499
3.6943877058541306,1.304170505974066,3.7902421085485054,0.4301535106068992,3.8738811428084867,0.2072167678549368,3.967562942347165,0.10230128960469242
3.751427996320876,1.3142886331272625,3.8473099764027445,0.4305092425875783,3.9309415859814765,0.2102008369974473,4.0246435382264,0.09815130073651712
3.8084325776063803,1.3370478104397443,3.904378904925732,0.4304894978308522,3.988011221616965,0.20993077441578478,4.081695142493142,0.10426434269073193
3.8654406944543833,1.358555398627544,3.9614478334487195,0.4304697530741266,4.045079089471203,0.2102865063964634,4.138744978978635,0.11100317920728742
3.9224502255273865,1.3795623511654713,4.018516761971708,0.430450008317401,4.1021080661379505,0.22440971874864157,4.1958033008141244,0.11473820182460681
3.9795032440191287,1.3851747574698137,4.075585690494695,0.43043026356067493,4.159154720617194,0.2322749854774102,4.252859501312115,0.11922417791673512
4.036524088892128,1.402176624808759,4.135433843108322,0.43549292964533404,4.2162027893214375,0.23963961655630683,4.309928429835104,0.1192044331600095
4.093529023733882,1.4248106432087728,4.189646825834441,0.45755025805281724,4.273278081856923,0.23736701137515448,4.366997711914341,0.11905952949081611
4.150535372800636,1.4469440259589135,4.246665902926191,0.4751779199541035,4.330325797004917,0.24485680136651933,4.424082196912325,0.11353279258549032
4.207577431048631,1.4564363585497693,4.303717507192933,0.4812909619083183,4.38741063555915,0.23920490554872487,4.481136276072817,0.11876972215242754
4.264591204796632,1.4759414041380785,4.360786435715921,0.4812712171515927,4.444436076663399,0.25457970702558486,4.538204143927055,0.1191254541331066
4.321595078969637,1.4989508992754965,4.417855010682659,0.4813766313073353,4.501498641173889,0.2568128226932864,4.595258930200046,0.12411206587510781
4.378638551442632,1.5079425962164792,4.473688151325672,0.4949996222353059,4.558567569696876,0.25679307793656037,4.652310888023039,0.1300999489168544
4.435639243609386,1.5320785215661108,4.531918974472403,0.5074953544997318,4.615636498219864,0.25677333317983475,4.709382644996025,0.12907893286038385
4.492659734926137,1.5492055478175248,4.588988256551641,0.507350450830538,4.672705426742852,0.25675358842310914,4.766434249262767,0.13519197481459777
4.54966573043664,1.571464089480134,4.646046224830881,0.5112106323603252,4.72977435526584,0.2567338436663831,4.823516259367002,0.13054135029655
4.606679504184641,1.590969135068443,4.703059645022633,0.5308408368611026,4.786843283788827,0.25671409890965746,4.880557610502497,0.1402840007123416
4.663693985045144,1.610223862831816,4.760125037983122,0.5320726812290588,4.843912212311816,0.25669435415293185,4.937620882125486,0.1422667985551067
4.720699980555647,1.632482404494425,4.817193966506109,0.5320529364723328,4.900980080166054,0.2570500861336109,4.99470642779222,0.13636458491237624
4.777716582753649,1.650986178782989,4.874258298797849,0.5336602575776936,4.958029209539046,0.2640392404751024,5.051777124096457,0.13571904559330994
4.834746973645396,1.6646087554852942,4.931267476314601,0.5547923690280889,5.0151016736245335,0.262767906593695,5.10882766769445,0.14220756428492942
4.891777364537144,1.678231332187599,4.988355850431335,0.547888884085614,5.072179794610019,0.2594940301127968,5.165916041811183,0.13530407934245448
4.948798916522644,1.6949828817016086,5.028728320756485,0.5405461734942119,5.129256854926754,0.2565956303693029,5.222984616777921,0.13540949349819664
5.005805972701897,1.716865946626813,5.076521465358915,0.5591226715837188,5.1862967918372505,0.2668389164349674,5.280053545300908,0.13538974874147103
5.062820807118649,1.7359955154777178,5.133589333213153,0.5594784035643974,5.243334960966496,0.27770799706297256,5.337121766711396,0.13562032180968142
5.1198384699854,1.7541238130288772,5.190621491886151,0.572475185704362,5.300404596601982,0.2774379344813105,5.39416382495939,0.14511265440053656
5.176864264645898,1.7693734555932685,5.247657186121646,0.5842203787196443,5.35743958372498,0.2894334453215297,5.451229217919879,0.14634449876849276
5.233888998637648,1.7849985748950643,5.304726114644634,0.5842006339629182,5.414456539479231,0.30781206069762534,5.5082981464428675,0.14632475401176714
5.290894994148151,1.8072571165576734,5.361795043167622,0.5841808892061926,5.471528296452218,0.3067910446411539,5.565366721409605,0.1464301681675093
5.347924324371149,1.8212551699973831,5.418840283421866,0.5925467915848346,5.528614549231452,0.30063851317348744,5.622420447013846,0.1517922566469152
5.404950119031648,1.8365048125617744,5.474710520274485,0.5930377243122984,5.585660496598194,0.3087540977271934,5.6795031642305815,0.146891314303931
5.461991116610893,1.8463726218900343,5.510522722367302,0.5832116011487467,5.642729425121182,0.3087343529704678,5.736572799866069,0.14662125172226892
5.519002769021395,1.8666286209531526,5.5611000635117325,0.5854886801762929,5.69979835364417,0.30871460821374175,5.793622989907811,0.15323492932635574
5.580183839575837,1.8801746663256695,5.612362886765924,0.6041099763531217,5.756867635723408,0.3085697045445479,5.8506883828683005,0.15446677369431194
5.633012285148653,1.912021816665648,5.672969444732242,0.6232479301356815,5.813924189777649,0.312930521724208,5.907757311391288,0.15444702893758633
5.690040554702902,1.9263953468427621,5.730009028086488,0.6336163751138142,5.870974026263141,0.3196693582407635,5.96480820854553,0.16081038871673714
5.7470684707009,1.9408940359323443,5.787077956609475,0.6335966303570881,5.928034822992381,0.32252826847080573,6.021882086856017,0.15903841918545725
5.804077294661402,1.962151306295208,5.844146885132463,0.6335768856003625,5.98512484703828,0.3150407086034792,6.078938287354007,0.16352439527758555
5.861105564215651,1.9765248364723222,5.901215813655451,0.6335571408436369,6.023667495410026,0.3141095424572873,6.136003680314498,0.1647562396455413
5.91816742161364,1.97900826996496,5.957134118617124,0.6473052610965282,6.073284922917945,0.3282353190635856,6.193062355706238,0.16836610335039248
5.975163163992897,2.004896420089146,6.015275534770196,0.6611777709856512,6.130335112959689,0.33484899666767287,6.250127041554225,0.16984826554328558
6.032177291297149,2.024276306764987,6.072308400555692,0.6739242353006794,6.187361614732686,0.34984832140712774,6.307178292264719,0.1760864664099686
6.089205914407645,2.038524678029633,6.129343741234941,0.6857945872284303,6.244446099730671,0.3443215845018024,6.364242978112707,0.17756862860286038
6.146229587730647,2.0545252740688333,6.186412669757929,0.6857748424717043,6.301518210259908,0.34317540953286363,6.421324634660691,0.1730431629972804
6.203260332178643,2.0680226918586704,6.243481598280916,0.6857550977149787,6.358560268507902,0.3526677421237183,6.478370228471186,0.18128390646345416
6.2602903695141405,2.081770427473444,6.300550526803904,0.685735352958253,6.415621772349641,0.35527633452882457,6.535435267875424,0.18264090974387814
6.317300607699644,2.102527062186435,6.357186865656808,0.697576960135271,6.472695297103878,0.35362952391001246,6.592498893054663,0.18449854867417503
6.3743408981663885,2.1126451893396307,6.410234509499673,0.688155880635041,6.529781903439361,0.34735183352987775,6.649567821577651,0.18447880391744942
6.43135714680814,2.131274122540663,6.471729255159036,0.6956083723846573,6.5868250223561065,0.3564686893833291,6.706636750100638,0.18445905916072336
6.488408751074883,2.1373871644948776,6.528741033839627,0.7158196718361793,6.643872383947849,0.36408363828716217,6.763705678623626,0.18443931440399775
6.541822778266108,2.1597239697036947,6.585756575368877,0.7346989228621479,6.70096570785208,0.3554279285701325,6.820774607146615,0.18441956964727213
6.602442309027135,2.174269554159537,6.642820200548116,0.7365565617924448,6.7628671846213395,0.35882751877484464,6.877843535669602,0.18439982489054652
6.6568785870020415,2.187918060133278,6.699889129071104,0.7365368170357192,6.812873214221541,0.37969087580170235,6.93491246419259,0.18438008013382046
6.7112881361244545,2.2110285798896125,6.756958057594091,0.7365170722789931,6.872116631533559,0.3751438024699265,6.991981392715577,0.18436033537709484
6.771138382878948,2.2153499201081144,6.814026986117081,0.7364973275222675,6.929166114462801,0.3820077978989498,7.049050321238565,0.18434059062036923
6.823615284299538,2.2397866684791747,6.871093439746319,0.737353695152819,6.98623221453579,0.38298932444196954,7.106119249761552,0.18432084586364317
6.882361984543453,2.2580290967074683,6.928108627719321,0.7563581050912553,7.043282758133782,0.389477843133589,7.163188178284542,0.18430110110691755
6.939369040722707,2.279912161632673,6.985156696423563,0.763722736170152,7.100389870731759,0.3759409358303003,7.220257106807529,0.18428135635019194
6.996405795626953,2.291281877910551,7.042224917834051,0.7639533092383628,7.157446778342252,0.3801765940974926,7.277326035330517,0.18426161159346588
7.053431236731201,2.3066566793874106,7.099293846357038,0.7639335644816367,7.214508989296491,0.3825348686776624,7.334394963853504,0.18424186683674026
7.110442889141702,2.3269126784505287,7.156327772811287,0.7763045520592602,7.2715524617694856,0.3915265656186451,7.391463892376492,0.18422212208001465
7.167475754927202,2.339659142765557,7.213365588384282,0.7872987915997336,7.328594873573729,0.400893739297032,7.44853246734323,0.18432753623575726
7.224514984725196,2.3501527466561574,7.27043451690727,0.787279046843008,7.385663802096716,0.40087399454030637,7.505585132278722,0.1900651014525674
7.28156128564819,2.3581431722973947,7.327503445430257,0.7872593020862819,7.445137919394575,0.39706977113225017,7.562669617276707,0.18453836454724248
7.338607233014932,2.3662587568511,7.384572373953245,0.7872395573295563,7.494665901056499,0.3823127809594493,7.6197396064684435,0.18414314305311175
7.395612874969188,2.3886424574261773,7.443799115195476,0.7885958127025288,7.551708666416993,0.39155479572536844,7.676808534991431,0.1841233982963857
7.452668368354678,2.393378751343242,7.495059844308803,0.8079584347455158,7.608730218402493,0.40830634523937803,7.733876756401918,0.18435397136459653
7.509680020765182,2.4136347504063607,7.555308252060349,0.8008332240092728,7.665795611362982,0.40953818960733424,7.790926592887412,0.19109280788115202
7.566721371900676,2.4233774008221523,7.587923503806535,0.7948789832045366,7.722896713504711,0.3981289838160045,7.847978550710406,0.1970806909228986
7.6237277209674295,2.4455107835722933,7.63871143483862,0.8144362463312942,7.779949024883952,0.40399170794528283,7.905050661239641,0.1959345159539594
7.680754222740428,2.460510108311748,7.695779656249107,0.814666819399505,7.837035277663188,0.3978391764776168,7.962113932862631,0.1979173137967245
7.737780370957176,2.4756345919636713,7.752847170547095,0.8151477102926519,7.8940858212611795,0.4043276951692354,8.019183568498118,0.19764725121506244
7.794804044280174,2.491635188002872,7.809865186970096,0.8331508489313428,7.951131061515423,0.4126935975478774,8.076252497021105,0.19762750645833638
7.851822060703177,2.509638326641563,7.866920326799337,0.8380123017608763,8.00820741471966,0.41004551562932035,8.133303747731599,0.2038657073250194
7.908854572932424,2.5225099498690593,7.923996680003573,0.8353642198423188,8.065241694730155,0.42229134429447557,8.19036383734834,0.20697493537999812
7.965917844555412,2.5244927477118244,7.981097782145302,0.823955014050989,8.122350575109383,0.40812864242884617,8.247439836996325,0.20445201237390886
8.02295742790966,2.5348611926899567,8.038128173037052,0.8375775907532943,8.179411725394875,0.4108623937464202,8.30451725086931,0.2014284537179467
8.079981808345156,2.550611470904221,8.095196040891288,0.8379333227339734,8.236479239692862,0.4113432846395675,8.361553652217307,0.21292332890829302
8.137011492124405,2.564484365431462,8.152224310445536,0.8523068529110871,8.293483467422117,0.43422762086451705,8.418609145602797,0.21765962282535778
8.194032336997406,2.5814862327704082,8.209256115562283,0.8654287939635195,8.350502898070115,0.45173012385333555,8.475697166163279,0.21088129679535061
8.251048939195407,2.599990007058972,8.26632504408527,0.8654090492067938,8.407587383068098,0.4462033869480102,8.532763619792519,0.21173766442590258
8.308109735924646,2.6028489172890144,8.323386547927011,0.8680176416119001,8.46464252289734,0.45106483977754275,8.589824416521758,0.21459657465594484
8.365119620553898,2.623730710914473,8.38040385723751,0.8862710980755271,8.521696248501584,0.45642692825694864,8.646899355500995,0.21244912838725982
8.422152839895645,2.636352016317033,8.4374657146355,0.8887545315681651,8.578765177024572,0.456407183500223,8.703961212898985,0.2149325618798974
8.479187473462392,2.64847268606972,8.494534643158488,0.8887347868114395,8.63583410554756,0.4563874387434974,8.761012817165724,0.2210456038341122
8.536246502410382,2.651957390862103,8.551603571681479,0.8887150420547134,8.692903034070547,0.45636769398677135,8.818092705932461,0.21714593279087335
8.593279721752129,2.664578696264663,8.608672500204467,0.8886952972979878,8.749992468856028,0.4490887323068917,8.875150320655454,0.22113127323312876
8.65033698291887,2.668689195619387,8.665741075171205,0.88880071145373,8.807044073122771,0.455201774261107,8.932222077628438,0.22011025717665822
8.707346160435623,2.6898213070697823,8.722763334269203,0.9053019431428035,8.86410981963951,0.45630845971659406,8.989296663051427,0.21808796982044099
8.764365591083624,2.707323810058601,8.779809281635945,0.9134175276965086,8.921178748162497,0.45628871495986845,9.046369834249411,0.21656631811409754
8.821382546837874,2.7257024254346964,8.836914980008924,0.9003812560430928,8.978247676685484,0.45626897020314283,9.103426034747404,0.22105229420622585
8.878444404235864,2.728185858927334,8.89396198804442,0.9081213638593941,9.035316605208472,0.4562492254464168,9.160487892145394,0.22353572769886387
8.93548257336511,2.7390549395553396,8.951016067204911,0.9133582934263313,9.092373159262714,0.4606100426260773,9.217554699330883,0.22426693641694673
8.992527460063105,2.7475460008464494,9.008075803265399,0.9165926803937783,9.149425117085705,0.4665979256678239,9.274602768035123,0.2316315674958438
9.049542294479856,2.7666755696973544,9.065083566557153,0.9382254274940465,9.206519855214939,0.45744158030092175,9.331693970601858,0.2237268112536226
9.106577988715351,2.7784207627126367,9.122145070398894,0.9408340198991523,9.263576055712928,0.46192755639305005,9.388763606237344,0.22345674867196053
9.16364019966959,2.780779037292806,9.179213998921881,0.9408142751424267,9.320615992623424,0.47217084245871455,9.445832534760331,0.2234370039152349
9.220665640773841,2.7961538387696656,9.236282927444869,0.940794530385701,9.377632594821424,0.4906746167472784,9.50289828127707,0.2245436893707229
9.277691081878089,2.811528640246525,9.293351855967856,0.9407747856289754,9.434693745106912,0.493408368064852,9.559939985968818,0.23416118087404625
9.334712987419838,2.8281550308480665,9.350420784490844,0.9407550408722494,9.491749592048656,0.498019503069449,9.617006086041805,0.235142707417066
9.391777673267828,2.8296371930409587,9.407483349001332,0.9429881565399509,9.548855997534133,0.48473291359109716,9.674102591952284,0.22536056748782274
9.448821145740823,2.8386288899819414,9.464521164574329,0.9539823960804243,9.605908662469627,0.49047047880790684,9.731177177375272,0.2233382801316064
9.505869568001312,2.84586836214837,9.52162297382856,0.9423228724641581,9.662956731173868,0.49783510988680346,9.788242216779508,0.22469528341203038
9.562899251780564,2.8597412566756115,9.57864134380781,0.9602008521903813,9.72001151744686,0.5028217216288051,9.845281800133755,0.2350637283901631
9.61993600668481,2.871110972953489,9.6357032012058,0.9626842856830193,9.777080445969847,0.5028019768720795,9.902348960875493,0.23566977819577817
9.676997510526547,2.8737195653585954,9.692772129728787,0.9626645409262933,9.834149374492835,0.5027822321153534,9.95941788939848,0.2356500334390521
9.731214871910836,2.894226848773203,9.749840351139273,0.9628951139945041,9.891218303015826,0.5027624873586278,10.016486817921468,0.2356302886823265
9.791036725378799,2.908599412423764,9.804647075251228,0.9765899793515982,9.95046805487732,0.4959729835117961,10.073555746444455,0.23561054392560088
9.848055802470547,2.9262270743250505,9.867285221822804,0.9728314238748754,10.001275918905694,0.5041011562220921,10.130615128948698,0.2389700898055156
9.90511023518729,2.93133884497952,9.920970061445757,0.9901205226423881,10.062424735028536,0.5028284120009183,10.187674157896687,0.24245479459789898
9.962176335260281,2.9323203715225397,9.978038636412496,0.9902259367981308,10.119494017107776,0.5026835083317249,10.24476147134467,0.23592678639282827
10.019209201045776,2.945066835837568,10.035107918491732,0.9900810331289369,10.176562945630764,0.5026637635749989,10.30182050029266,0.23941149118521166
10.076236409931276,2.959815842752086,10.09217684701472,0.9900612883722109,10.233631874153751,0.5026440188182733,10.358892610821897,0.238265316216272
10.13331170246676,2.9575432375709334,10.149245775537707,0.9900415436154852,10.290700802676739,0.5026242740615476,10.415959771563635,0.23887136602188708
10.190363306733502,2.963656279525148,10.206314704060695,0.9900217988587596,10.347769731199726,0.502604529304822,10.473038246105371,0.2354723306285207
10.247377434037755,2.983036166200989,10.26336418698994,0.9968857942877833,10.404838659722714,0.502584784548096,10.530107174628359,0.23545258587179463
10.304429391860747,2.989024049242736,10.32038361763794,1.0143882972766018,10.461923851833198,0.49680772981783416,10.587174335370097,0.23605863567741014
10.345929400207694,2.9906617870642425,10.377451485492177,1.014744029257281,10.518983234337437,0.5001672756977493,10.64422417185559,0.24279747219396608
,,10.434520414015164,1.0147242845005553,10.57604544529168,0.5025255502779187,10.701305121291075,0.23852232441332255
,,10.491589342538152,1.0147045397438292,10.633114373814667,0.5025058055211931,10.758372282032813,0.23912837421893673
,,10.54865827106114,1.0146847949871036,10.690183302337655,0.5024860607644674,10.81544156411205,0.2389834705497429
,,10.607882095464312,1.0170736113879384,10.747251170191891,0.5028417927451456,10.87249741105379,0.24359460555433987
,,10.660592294149346,1.029560823783561,10.804294996221135,0.5117083307736605,10.92956633957678,0.2435748607976138
,,10.718719155570128,1.0267216602528615,10.86133457957538,0.5220767757517932,10.986630671868518,0.24518218190297425
,,10.776856202778113,1.0421407767031985,10.918415529010865,0.5178016279711497,11.04367944768526,0.25229649515693486
,,10.8339251313011,1.0421210319464724,10.975477739965104,0.520159902551319,11.100772064476992,0.24389110326484165
,,10.890994059824088,1.0421012871897468,11.032519444656849,0.5297773940546429,11.157831446981234,0.24725064914475592
,,10.948062988347075,1.0420815424330212,11.089599686979835,0.5257525640989353,11.214901436172969,0.24685542765062607
,,11.005131916870063,1.0420617976762956,11.146674625959069,0.5236051178302503,11.271955868889712,0.2519671983050955
,,11.062181753355556,1.048800634192851,11.203725876669562,0.5298433186969334,11.329016312062702,0.254951267447606
,,11.119205780234804,1.0646760713195835,11.260778541605056,0.5355808839137439,11.386067209216947,0.2613146272267568
,,11.176272587420293,1.0654072800376668,11.317832620765547,0.5408178134806811,11.443141441083682,0.2594174987830087
,,11.23334151594328,1.0653875352809408,11.374901549288534,0.5407980687239555,11.50021178383167,0.25889711837641016
,,11.290410444466271,1.0653677905242152,11.431970477811522,0.5407783239672299,11.557273641229656,0.26138055186904774
,,11.347452502714265,1.0748601231150707,11.48903940633451,0.5407585792105043,11.614350347990143,0.25860731103802204
,,11.4052611214201,1.0753586374274433,11.546087475038753,0.5481232102894,11.671409376938136,0.262092015830405
,,11.45796803999674,1.085643308402787,11.603138372192998,0.5544865700685517,11.728447899623632,0.2728359375459424
,,11.518608376183241,1.09282377224031,11.660207300715985,0.5544668253118261,11.785530263284116,0.2680601541154264
,,11.575677304706229,1.0928040274835844,11.717276229238973,0.5544470805551001,11.8426069700446,0.2652869132844007
,,11.632746233229216,1.0927842827268583,11.77434515776196,0.5544273357983744,11.899674130786337,0.26589296309001575
,,11.689815161752204,1.0927645379701327,11.83139499424745,0.5611661723149299,11.956727856390582,0.27125505156942165
,,11.746883736718942,1.0928699521258753,11.888451901857941,0.5654018305821218,12.000485523425347,0.26078736529455604
,,11.80391695606069,1.105491257528435,11.945502799012186,0.571765190361273,1.4066295469894263,0.05313450165513833
,,11.860995784158675,1.1019670632226004,11.984415906989788,0.5708756156398649,,
,,11.918057288000412,1.1045756556277067,,,,
,,11.969924186282363,1.1094945296184426,,,,
